levels,n_gold,n_TF,n_eval,recovered,auroc,auprc,baseline
A,1619,174,77710,427,0.6931239608093869,0.03888792177939522,0.005494788315532107
A/B,4270,201,92535,828,0.6736824993313877,0.0400614296811308,0.008947965634624737
A/B/C,8854,250,115010,1919,0.678134883044307,0.04760921487767866,0.01668550560820798
