TF,dorothea_targets,recovered_in_top30,per_TF_auroc
HNF4A,197,50,0.653206997084548
CEBPA,192,24,0.6340105601469238
SPI1,143,71,0.7778631121293379
SOX2,109,20,0.7455066921606118
FOXA2,6,6,0.780701754385965
GATA2,167,19,0.5652249435469863
HNF1A,10,10,0.929520295202952
FOXA1,189,26,0.6967666400956556
